,LIR,LPeak,errLPeak,errLIR
0,444359673046.83606,105.7698613329386,5.236814437210633,25231445396.730522
1,16585046930.871164,133.9942059746534,5.762906819812124,779941076.8273776
2,103651524479.37378,112.84443631948261,5.040876925602707,5697075798.129592
3,101236429288.53009,131.4175771896579,5.374474898816129,4735319558.15117
4,237830460896.94757,111.71887394060468,5.614888655725051,13209027283.378252
5,87685286870.64209,140.9744915653279,5.9782055521367115,4768446941.7523575
6,351328077943.05005,102.41184723943347,4.518658059631617,18806026364.083176
7,31600694833.083557,124.30728676025548,4.990940039420615,1547545836.6556308
8,112579031549.04286,81.48746942121552,4.540006320603738,6458869599.842849
9,16825468958.104721,126.98900507204243,6.414342270258022,836708043.7711586
10,11219339979.87244,115.1650001957845,5.508561779715572,615568987.4061613
11,73859301181.85947,115.66051571742186,6.0136777547433065,4800484461.145542
12,110777159317.31155,118.9356473915703,5.729919736380139,6626633452.734858
13,96422583107.84818,129.35180514054355,6.200629195475825,5460139659.917934
14,59332590910.54959,122.6250125693152,5.568359011554855,2917683553.501839
15,134111913841.88509,96.82916862749667,5.295473855829606,7710919639.181455
16,27271245121.499405,132.67155438448447,5.0746334130072395,1344179593.6962142
17,192022163251.56857,94.53626199925513,6.258218181931631,10639179598.622643
18,15452054768.94002,151.68725103832,7.788194968090554,1229510374.6307728
19,8733373336.49467,157.9253250957835,7.720190129560318,618625454.4880826
20,39442997943.90408,138.79088514269392,5.826575778728449,2164888580.7651606
21,12164139278.379837,126.51088647951123,5.662545314904882,646287470.0454847
22,22838384478.54766,128.81459859280133,6.066972985724791,1198147592.840636
23,122121524796.70737,109.6827691504461,6.641699132245647,7176304023.250109
24,66651650708.93773,118.76049566871814,10.222054066599016,4636842414.756545
25,193719125619.99152,98.82260394863496,5.161336786968365,11129892431.984497
26,17627124755.329483,142.16741400831984,6.093024372067811,1111925317.645821
27,36607128129.18314,142.41848514972773,7.7460941491892195,2553025919.8908944
28,19087886711.56407,156.03086976466957,8.926421485223429,1401634436.64307
29,14991778506.201294,148.94174771742223,9.029320819609962,1062924492.3401513
30,6491238692.942795,149.6604137295223,7.954195560585996,534604824.31660587
31,21581642716.06586,115.67710872886069,5.893247470975783,1144083394.399733
32,24744837627.275234,117.03693993778205,6.396642811273953,1340551373.9359922
33,53808194137.3351,120.82452303565616,5.511615728708589,3078845684.8457828
34,4188552324.8499074,128.20026307220147,5.498970407187845,210223524.58316585
35,196358795628.4181,126.03635465322944,8.261670085911911,11592373479.713448
36,17885997584.22224,126.43154985422152,6.127943874888631,990247396.5492352
37,49943583783.93405,132.49717112881925,7.974199129242065,3587382270.960401
38,62389476301.90037,130.52422186428868,6.1815460162980225,3358544881.828091
39,48661202989.922455,111.34865966937697,5.170565204953234,2851826985.4264727
40,91469018983.29498,98.26866798087269,5.264384009890075,5047751498.78918
41,70703462619.3992,130.06110392870448,7.35238784707973,5214597292.384718
42,11673912132.700928,126.98900507204243,8.3061357697829,1146068416.781106
43,53544466010.09295,131.03321758500985,6.802822118424154,3406779589.651631
44,121684973165.58646,103.22459437084392,5.57694610667142,7187202458.414862
45,46701311225.49666,117.37763723480941,5.529966562184119,3422392018.1652365
46,17360992015.312027,151.11875451476334,9.944655200301465,1433849871.777658
47,525032965143.3795,92.83848194905295,4.489882307736224,31838277087.27318
48,31078060191.335503,117.32640872717491,6.93004776489058,2086200420.4095585
49,92565075090.08003,111.96705415506858,7.230067384554441,6434179056.559464
50,165229326945.963,94.19395805672399,4.4690356620041465,9671522345.581844
51,128744589907.7876,107.76273811797358,5.9150390292303205,7786993448.496473
52,5006158461.440714,127.51106180584779,7.821110109031668,369276219.88360536
53,128591104683.10559,123.6781631941267,9.082949538891395,9746708280.156055
54,3005472417.496367,122.43883445693628,4.979996781586625,213216229.08576837
55,23715928242.865902,134.37376914715787,9.15470301678148,1975143472.0645409
56,39016631703.8055,112.37270726998545,6.637740413168773,2984205073.8846126
57,77489163874.88016,93.16022575037414,10.117796636713443,5234425460.02784
58,1560447711.4695616,122.55047342194744,4.3204488131665775,93981396.27848482
59,19378871632.10599,96.34331277325926,6.297664558456869,1149179599.5865517
60,163587475225.2837,85.62308307488921,5.243041448547172,10217647027.356882
61,1899120032.4466286,112.12272750717055,8.204312736170095,183708662.2614973
62,21868748203.9774,117.10492108141548,7.731909396991382,1558586344.4473226
63,17153942164.62902,89.12430058306285,5.974419337783124,1041611029.940565
64,9367311262.057734,154.77314446504684,18.079867696287398,1736009657.8572462
65,107425908565.75479,91.17998376963831,4.924123692642223,6476771571.767668
66,25998678786.116615,111.31791920383833,8.413663568514934,1942703907.6438797
67,30640708649.028114,87.72816358471465,6.172237328734147,2453246122.445761
68,87708622251.21289,98.17296458830347,7.151358773132813,8204324091.042357
69,175025798345.24182,73.53670069522992,8.062208996780798,17851029976.194164
70,43929572571.666084,79.84165486317268,9.013598144483794,4841474787.785584
71,31776743979.626877,142.51916208458422,4.699511752856159,1565803252.6082592
72,314800701465.2252,115.89321848858329,5.0608734272835525,16876888529.549252
73,67024314371.081345,127.91557403261916,5.4026173670101425,3239722162.6127224
74,48364703305.38873,141.76753628612698,4.926909706917576,2533096338.757229
75,29262153808.498016,146.40009604038417,5.318253634474532,1380946695.9832497
76,74725522480.60168,81.85138438015166,4.2394860850508955,4149895078.0160193
77,23967519552.58674,135.93666312318007,5.8430365406183515,1125310443.181755
78,12318139346.183167,129.35180514054355,5.579511611536639,614225150.6942531
79,12497343176.342918,140.9744915653279,6.30060271215121,625970950.9392831
80,39346260319.807884,146.05540763432535,5.522967947559012,1877849628.2108164
81,31127721956.754417,143.8923663572919,7.097379672847998,1821060142.9379516
82,29670680591.891907,141.56843979964856,5.210130338165537,1421741669.0041149
83,55604434114.76483,137.7477787726428,9.32570691859666,4096145980.9804707
84,227850516502.34784,98.12518276180815,6.512926534046073,14001268447.581226
85,55743196081.360344,130.31330551523016,5.619090221814566,3200477433.334531
86,206918144647.711,119.92612403007824,5.04255191325745,11083031380.52495
87,106648665144.4574,120.17632623237292,5.702256941624487,5202213169.206546
88,14594151816.379898,134.3513788757789,4.8871798902767365,720491738.0170745
89,22852043800.904415,122.36452141054858,7.814418517907302,1423635218.4925447
90,26207096079.08402,138.5048380707552,5.477625956237112,1385645250.0440094
91,17244571635.920597,138.79088514269392,5.247707051796488,815982986.7732229
92,32930316351.25478,131.37475925093878,6.350782339751892,1708363063.1467955
93,15259634750.328524,136.85945074466719,5.875336019736492,717630798.4039788
94,78133058680.71368,116.42864295045409,5.912164132239914,3986091325.5186844
95,125730750362.84268,90.68780823135293,5.792858699015328,8034496933.384557
96,7401252246.680298,162.5735253473452,9.031386089857184,637215114.6836913
97,74884591520.33405,126.35231267263248,7.668576369249802,13586306702.43322
98,8377321892.996235,127.02901146586804,6.396051802223716,518594673.7830383
99,175013366566.43677,120.49955293771748,6.174047034055068,9876730340.021988
100,1688021923.8064537,162.05082663779973,8.102020476110333,121889805.37611808
101,18030970969.136032,110.01194753645323,5.152434474716361,1208925704.3499207
102,80451141635.09067,120.60768189811361,6.4385402032763,4928305061.154967
103,372171138098.79065,90.34238642379746,4.325193070346764,22019624761.13451
104,50388869146.326996,109.59333483844534,5.978449782879355,2947703663.959911
105,46217082339.712875,112.45105688604545,5.6289909071521365,2558773847.8534827
106,16540355823.46807,95.18343165978489,5.8503982812443605,953116204.2071524
107,357155621.4067065,100.53505984381503,4.32033871695552,26418111.8680944
108,46925762659.95784,127.22942213785335,6.186430645956781,2855954677.1738987
109,183390569246.40125,112.87602578140002,7.247646400683124,11716026080.913195
110,7908784699.6094055,123.73509562955222,6.953896069571275,438380077.5110397
111,122022776994.13583,106.80648627402394,5.892904938928198,6874151073.113402
112,225243939416.58374,118.0304571883168,6.877786810823534,14358378234.401207
113,9727505741.488565,134.12792304122402,7.177051015709469,713586124.2315353
114,602798806244.5063,83.20256402149334,3.9374069344556375,38809663615.546104
115,378150100156.49927,71.70587383242578,3.0712996113069377,26777394703.6325
116,125319265998.39407,107.28961694694867,5.810685002762431,7758820066.905589
117,6296636327.933598,131.24647268050032,7.040721012605275,417252678.11099225
118,199109496643.2579,102.59425009284978,6.594615399704544,20454419198.35643
119,93940256356.89049,100.7737563765871,6.840973428911909,5647689601.019856
120,3768144840.1068573,101.99735209578157,5.882815924277565,219805580.13081592
121,7806797210.289581,138.74312860912795,8.664225925877396,618617720.5465292
122,530319488.13736916,69.87912067946232,4.725107902349747,44784635.99810145
123,122454814958.02888,95.83952309299498,5.11652394937351,7828406106.186508
124,1348005639.0788164,163.49640791207685,5.1170688799655615,87460571.14044586
125,344542368638.76746,90.78990613951784,6.607619130888995,27743682658.27338
126,143185813955.53583,109.20746557165795,11.727256817731726,11972822778.328138
127,233090735.99802858,77.61325164116508,4.219278696724947,18195276.141276985
128,23772863868.034996,100.0982984950921,5.285932033986194,1548318454.5653107
129,56710989700.33446,87.04637052899137,9.116652515712492,9092041116.452747
130,314386656935.3307,77.85301990118701,5.3935936404645695,24182306049.93025
131,303316448.6880466,74.84712169636913,4.54293353549251,30595748.316160955
132,16182235312.44935,58.511827232183116,3.8576243214275547,1450884606.092443
133,17379986978.566597,136.81301391416176,5.609569031204271,806418854.2997503
134,53339978960.72277,124.6724166735238,5.796981691502838,2422404408.3095655
135,17104764590.954762,141.6181614762575,5.2636641713154795,821218508.6560962
136,69724237259.96518,133.10952737185974,5.2964763592058555,3307523230.4432454
137,11739776875.729614,163.82855326664279,4.236222961531426,659536915.7023989
138,110868310752.3257,102.43786507024308,4.838168055134132,5851254504.7323475
139,106583825099.03413,114.9679807769693,6.657588051215254,5609422298.928765
140,5965038939.327315,139.2702649251964,5.401016573878998,267739912.17354128
141,48011495255.42117,129.6012607862808,4.903541601382412,2372221341.371364
142,8081649553.592615,122.47602483863473,5.820367763107185,395270041.1768645
143,103512269225.99483,113.51155003121644,5.211429689543392,5443639938.811114
144,40909691489.990135,153.59401831491692,6.278878582562915,1981579174.518775
145,48552304575.36426,121.84684520023508,5.399522187053825,2473695662.4782896
146,30271858751.71988,129.55961805060713,6.37501642535191,1439960926.308225
147,120513797851.12248,131.80419831129117,8.044591201997335,8095752818.944479
148,35445232879.37285,129.04133606959522,5.371443344502852,1681914204.548438
149,37350812884.62979,118.0304571883168,5.1818468019414095,1858800260.1481404
150,80848860079.3129,119.74804507406571,5.84395590149882,3849681367.4764743
151,28291534405.236343,143.38069770442937,8.852613597178253,2714475645.8954496
152,67033790203.90799,111.37941711757675,5.515041876313679,3684395530.9311056
153,20046818186.582146,155.54933345777567,7.884558569440307,1244855334.8370414
154,16906559850.503704,143.73848272372615,6.176588588751588,955092325.3525763
155,359621681225.9783,107.20404124436374,5.534235562345855,22556915407.237568
156,35257000362.42937,131.03321758500985,5.76032451550855,1872959039.4201493
157,2111313286.4156735,151.80146400259895,4.217082953827916,113188024.9488145
158,35269827734.1998,115.39571134801048,5.598122927739051,2027968485.0429084
159,30074169768.415882,147.47096975899856,8.401429798556482,2790958223.44032
160,69359882048.0658,136.30428085786193,5.6748314139660225,3569835095.4411297
161,66189444980.38434,105.85316179132542,5.558943854350707,3524099290.4020557
162,1900123008.576425,135.11672967736177,6.7925057587392335,104835234.7906713
163,28053010756.09527,139.84991007470958,10.307910793402787,2465660894.3832054
164,18800644580.47854,121.58964619137153,6.454783656615948,1047660550.1177211
165,395976074186.9491,105.02601546433995,5.065423220057081,21030820047.23196
166,273100654203.38965,103.22459437084392,5.34570520533368,14546017329.058023
167,90389896326.68643,118.27280404406473,5.3658394117017085,5669570829.897975
168,358124676727.6621,98.41257344185182,5.183901192648073,18958291766.847168
169,29169605810.929676,100.02380614198472,4.762771967138536,4606914255.510439
170,76792491321.14708,124.94283750859016,5.254509678248716,4304332800.823205
171,48411327644.06381,125.91827740351331,5.42457896395624,2559667384.246985
172,835730754.2418772,110.19233354564163,4.599825761847605,51716649.87620026
173,169908540494.25363,76.78556893869474,4.029085942439676,11759782326.435316
174,137021356656.84909,138.74312860912795,9.318259282781158,9347119760.761518
175,440485734666.5481,106.80648627402394,5.477387805823003,25697235928.45617
176,12924050585.618292,145.0309937432379,9.10201843284024,993216832.4470553
177,41984539582.94449,102.69877231432208,5.861014812811663,2325920972.4120817
178,148295626426.4489,116.66444999778341,5.315086314182917,8629169214.816679
179,18910761409.131344,124.6724166735238,6.421159580650205,1245922895.597245
180,5332622717.619637,134.8907228398845,5.797780959896603,286795106.82874846
181,14654031316.520132,126.39191884465384,7.555632568548431,979956702.1893517
182,20232164414.113914,152.1451371920143,11.014471000862262,2265788494.9344764
183,59483097602.620415,114.21894381914672,6.911340342127975,3757098586.771448
184,723661011.4755738,109.17789583783704,5.046633234374636,54701571.7599743
185,57689757903.52257,122.66231615617684,6.219113816681634,3301011804.921676
186,120278555717.39352,105.02601546433995,4.706699649980153,7221392978.073032
187,13845493125.698475,122.99907256844425,7.078361353257653,823950508.6606625
188,46178813438.134766,113.06593458778732,7.925019564703108,2735250887.7604213
189,182855606694.11877,105.24532122566956,5.474523609558242,10385343583.11935
190,191598268917.4703,102.10066101289976,6.5955976305808965,12603836536.773098
191,216259631350.55908,123.7540808724343,6.02136679765893,13868983630.402897
192,30805146248.227272,124.86545478156863,5.97386550727709,2017657761.6276484
193,16634214494.089272,117.10492108141548,5.8334853300024685,961779998.2714494
194,108532566726.87482,89.69926821873428,5.325617529870188,6576057353.473277
195,644727325.5111187,118.69057934030475,6.0974562656001865,45177904.734752625
196,38151089519.77547,132.7589182586992,7.235555108083798,2320541636.994637
197,19112655833.38745,104.07720184928073,5.8466834084008505,5388647812.173267
198,50406645878.31097,134.03874869644739,7.7653799189180495,3025047306.8284807
199,50007184296.911194,109.00081316232952,5.679136439154795,2948906047.6323566
200,15465635352.670973,118.69057934030475,6.517910097270372,871559026.5263097
201,12986840560.009651,140.7776147853242,20.35583864680923,2779195872.5989404
202,79132662613.73497,105.74212364039359,5.595640611248787,4443239412.493477
203,17478917399.87883,125.37016280894962,6.113659118629402,984707383.2182927
204,428187672.7904989,132.36668422766488,6.832011371604666,37597218.13340884
205,297533275537.6361,116.59697914504726,6.547707438404047,20525159041.524937
206,36598020330.895256,102.56815277216502,4.875054390774125,2652104427.1000175
207,47578293813.62973,115.00077052057306,8.077686521657231,4254155573.5100546
208,25776314481.741184,130.27120401660218,7.540918623083129,1716784139.5974593
209,9203544885.527712,127.06904307472588,8.541355165779535,764555135.9916321
210,12991212104.645226,104.83487129165438,5.694146075244967,839427690.6282557
211,290840115793.99225,116.59697914504726,11.638858431892091,16399219114.976337
212,1725616330.3204505,134.30662816466318,4.891381686849642,106632263.4581763
213,19374368698.815628,116.4959190663366,7.513937484876316,1422544278.2448645
214,292927637904.1522,106.77820228894348,6.287557594728246,19645533775.949097
215,103594126889.87305,113.63951461319749,7.363040245633439,7014468956.698659
216,29765117928.353756,117.78910146320551,7.061935557196689,1906535711.4712257
217,35149464602.285385,108.18196570563104,6.635706349105929,4499018251.566143
218,84910255398.47897,93.03126098953751,7.646534212649798,7076168434.629939
219,11322302604.254303,100.79894844433873,8.356777349013546,827058389.9094096
220,9566023759.826874,93.39759216191742,5.621872455576848,957403951.1362486
221,13029343813.216251,78.00362880138792,6.619471523103444,973724798.8850482
222,188698856794.84937,90.58593969392213,7.528565164661777,17054146844.139381
223,3764622964.1667485,107.26107653659942,10.906254558729659,480532438.9437462
224,14272970046.466059,92.7743996912407,6.987322704144718,1096960392.0080006
225,247396828889.9542,69.20746182094015,9.176208360022118,19123228123.246998
226,52010279260.78423,131.54619863347094,5.29658570426678,2531662285.4421506
227,122570150014.92166,82.08466381553573,2.9489144265632823,6874636959.41501
228,85873359205.7197,135.6622485110773,4.96226780478094,4062422643.045182
229,63202913774.113525,133.63892712523557,5.2181147178488825,3003735125.3386374
230,189889131910.2373,123.4131832599011,5.5307931052584305,9299087370.725939
231,112332610665.46396,128.89695513522867,5.305044496188472,5250350077.458071
232,237217295797.3402,121.51636007475851,5.503897827236101,12068055422.750317
233,223526695605.66724,140.55678894101806,5.229211701145469,10637680122.556076
234,17733815998.66086,150.8925472680359,6.4891942756463035,1329314025.8196106
235,72082733088.1607,117.65162656626873,5.681127678110015,3618731627.2364197
236,137783390641.50208,122.1051346236035,5.101144810045553,7380040171.355061
237,173514619695.51178,93.07420955146645,5.575852426676323,10250068661.381216
238,20824394379.315468,146.29386343487334,4.8611884910349445,1009850141.2910087
239,46768880080.0336,130.43977344767063,5.64285896156549,2242644348.6380506
240,120028342080.55344,124.90413415971577,5.947932922659485,5676950982.538034
241,54758207937.88144,143.4317007610641,5.040667295392666,2629538974.7591476
242,62405653165.42889,122.6250125693152,5.133313458457502,3159869651.9396644
243,113712626437.52472,123.60233860301862,5.612551230956188,5619405532.896591
244,41395193277.994965,136.85945074466719,5.180202323412889,2001488852.982177
245,55377760184.53989,123.22460598144218,5.905275832753822,2699700335.2094655
246,52889099765.362656,120.28387562398528,5.226236986051919,2697873309.4442663
247,33176721850.897964,134.84561217086926,5.534180685647227,1571991852.5740807
248,13863218776.957859,125.52627945219247,6.17006282785764,953035627.7093209
249,31407769403.16977,124.24982666802535,5.374740358629346,1533467034.2743766
250,491913417561.80225,101.6886759259449,4.303795707163859,27339114423.43419
251,56033097262.10893,111.93597134381827,5.261084146949426,2824982684.172146
252,60078756909.56601,128.44529277121137,4.863101422160718,3153598833.384977
253,8223489604.182953,140.04419883312875,4.988506133672126,400539354.11438406
254,28066012271.793198,147.6329535153585,6.419480337804846,1384231352.828261
255,199035098523.8931,108.70694846970174,4.546235648358611,10187386015.287224
256,40554528645.98472,149.2725801684429,5.091994699736933,1986121103.39026
257,27433583879.353348,132.54072395191358,6.10775473163609,1295446965.9840364
258,40538233843.25189,124.5184153967611,5.87263356866348,1851748085.0182881
259,145306469923.15778,109.89201794352769,5.743707864439484,7257026267.793821
260,26447503011.934624,145.1353995222049,5.881937293719409,1249580684.054336
261,33409701221.365395,137.23208330703022,4.93352595435645,1673859859.719345
262,5849456400.46494,139.898431707215,5.476072062240567,282971343.23297733
263,33941756795.788635,134.39615941853683,4.923357070165981,1635592361.9208143
264,36770703791.82973,121.3700525542839,5.895762176958865,1874166932.3784199
265,21457156367.21239,152.37511847402448,6.4784415759077145,1072905968.3934929
266,95932498543.37296,106.66521599071577,4.867160057343228,5127657828.761796
267,17161862107.950123,150.32998090771096,7.1526161754268065,974405196.2574786
268,25109017056.576614,137.23208330703022,4.93181091986807,1192484012.4078317
269,37096249559.06793,144.56302061799076,5.112762085215061,1833607713.7141068
270,22272043832.261547,148.66717214516152,5.501401492233695,1059558985.3105632
271,26993737021.30458,119.96180339786628,5.7263357673196245,1350433304.58577
272,54674841347.12764,114.86972364089178,6.957864778004865,2626323073.8364563
273,129232003725.67804,115.5610717810399,4.826094546431177,6506556105.554243
274,37155413093.21442,121.58964619137153,5.953595303663669,1855393148.0557168
275,204605698294.5083,98.10130928625958,5.31962350407058,10046755339.106462
276,61109607273.73212,130.52422186428868,5.123468802209014,2864885091.880616
277,24551971861.239292,147.57891940554015,5.662656205172847,1189919004.1106644
278,7879294384.127579,146.77312823824693,5.097253851610677,377061703.8608563
279,128698358651.42746,116.19378722632926,5.08733850273862,7071039640.916315
280,10260480565.4109,128.24103641348816,5.379805779107113,510594827.07068455
281,429600389727.8783,105.65899778322998,4.017699121180526,23780320876.989307
282,30943368524.96515,124.78816784843434,5.071068956650722,1575309252.997832
283,48058993531.09436,127.75346154927182,5.409073415862219,2437964026.8995233
284,37634454937.18418,114.05739939365886,5.682859491837948,1834286598.2232819
285,53316265725.82351,109.11880438317195,5.243710922959354,2622332920.7990303
286,738968436418.415,106.80648627402394,3.9849154040862373,43768579144.4179
287,494928416539.655,91.36592969433835,4.26703755193693,27873491490.612537
288,191351488903.79205,94.86990230102069,4.4413730724745,9943874090.16289
289,369737946760.8146,110.19233354564163,5.897418164099186,20735936561.53715
290,34496027830.763824,101.6886759259449,5.195810232976149,1965531724.796657
291,44235279678.28899,132.9778321520234,5.722835912619083,2254789166.927944
292,54466307815.06816,129.55961805060713,5.735851007585524,2552837045.787439
293,17680750977.41102,162.24644429805954,6.001439120463184,1013725376.6618769
294,21685299659.916885,126.47120572470719,4.936604170433551,1341095366.5415533
295,111960283644.02048,112.90763293446044,4.371947184808449,6504854657.249521
296,86668222790.78181,134.71046101536018,6.952386038465492,5747683095.122492
297,30814964849.78982,139.75296771362386,6.797891431669741,2039123954.3738785
298,20525038229.90094,160.05672523792953,5.822825499349882,1110704099.5807762
299,98319795539.49345,125.33119430483683,5.201971435049352,4924064568.220605
300,52457804952.35425,120.75215607286822,5.7036598230628375,2495532567.0838614
301,20658721815.003204,146.50648304153586,5.957906186580818,1041380897.6228869
302,14651258814.88177,135.61662042047442,5.596726550755392,687085577.6189605
303,72891781564.79166,131.4175771896579,5.167587134236271,3458939179.2777033
304,13175775666.19386,164.22891340693144,6.53720080781955,795099595.1195791
305,32306565397.90818,135.93666312318007,5.734239914383442,1578617062.8003287
306,41834404364.52474,122.81175774159412,4.872611429713504,2259052610.6406775
307,85948123271.70302,118.62074528532433,5.281552748596274,4614243058.963552
308,24884799562.97107,138.74312860912795,5.79418969977201,1200746790.0800083
309,31692379373.813015,113.7356775483558,5.782710723014257,1612228529.009597
310,22702121576.95189,167.8522870331516,5.620667256360593,1347742350.90349
311,15636949421.647861,142.56955394797276,6.048762687464074,1015492563.355715
312,15159065477.55143,133.55040159408946,5.067679826515564,850013192.4259301
313,21666543496.58414,146.55973454569963,6.8619556031341284,1263282436.3987787
314,286121493866.6842,90.01967869533682,5.445319999542863,16449698072.113926
315,36259792693.470894,140.4344003752483,5.458399036926804,1812985980.5633733
316,138482293428.75537,117.41181609184622,5.787997903150662,6834825282.304335
317,22672218919.746243,133.72757009470783,4.89395673348336,1111088099.3382113
318,142822620847.25522,98.3165896832374,6.973219227502821,7249304715.798762
319,24488472503.536613,137.60675057176744,5.010953378970285,1190341171.0502174
320,17607758313.742393,138.07797142833496,5.036281168847782,885427120.6036631
321,26234361644.121506,152.08775030342136,5.864323993768504,1442404609.4307597
322,676153536885.8262,100.79894844433873,4.7543762714259845,41803162275.55329
323,93467939295.49066,133.41783298421626,5.352509577105453,4499028462.361568
324,14025130338.164352,132.36668422766488,5.270464768615037,715609037.5214506
325,58935554994.62326,121.95740674340382,5.8493795022787065,2846832969.0619283
326,444593417267.5702,116.69821471500569,5.428956919586761,22665805564.061832
327,42640197536.637764,138.79088514269392,5.257239904250093,2024944492.118664
328,15483437002.368889,133.5061827949811,5.894827379487301,799421661.0140828
329,24156369197.47071,148.22995075702582,4.752008896803776,1233573513.9575167
330,154610736593.00232,113.54351415121134,5.160253949429424,8007106395.940633
331,16577337836.495895,134.21721611819933,5.385364654734324,823504248.6773151
332,14911309694.666561,132.54072395191358,5.032321118573537,715893695.9602515
333,31173874256.12449,143.0754394650017,6.592295685013564,2035535900.5421019
334,24523334346.335213,134.7554812888274,6.299219499211734,1368573308.2126815
335,144451997470.09802,114.44587631815692,6.024307296065789,7649347003.658334
336,143217258886.69583,124.78816784843434,5.313586155636606,9091706494.76346
337,167202179563.01483,100.64798468509642,4.950240926234263,8243733281.6601
338,41103183580.93116,142.21755739304325,5.5795998722368925,2174002818.4403706
339,35892017602.99078,132.45364691919926,5.096520530066357,2150703364.128243
340,28983304604.487583,124.32644799693655,5.246817377351845,1710477811.1533904
341,51038150338.1247,119.46421616765474,5.431838036449373,2624481253.4060335
342,69893810074.07767,127.02901146586804,5.46204954445876,3759527233.9012356
343,114519899836.51477,107.3324579531614,5.419311540537236,6062369532.795449
344,21269047682.813026,125.99697097223745,6.590054926280257,1013959084.7087299
345,15240734994.293316,151.51625347357947,6.251996379722541,922037063.6694808
346,45539953669.56768,146.55973454569963,5.972383398414612,2215746237.541231
347,32797790283.928154,125.83968207226874,5.309763605711812,1854373784.4454577
348,2561241411.982812,125.6827853873246,6.011007143675414,123240201.36919498
349,21001272194.32749,153.12738309256144,11.168974498912942,2053989274.4752946
350,146763774107.31885,124.63388065319452,7.090949517806963,7675509310.808317
351,8356697001.908033,130.94810946433324,6.341670716772025,479866461.2365526
352,28838784830.636147,147.57891940554015,6.10120969052902,1634053712.113634
353,40476573250.68673,131.93357803103666,6.0225525510791345,1977213339.707851
354,156610095804.52783,120.8607390540284,5.2375596317911475,7910755803.969905
355,43555836454.87074,128.89695513522867,5.9614085309890665,2622564341.3380437
356,16673021486.358406,115.79337417061348,5.4993245820166505,862734405.13598
357,18158858925.719543,133.94969284721148,5.475394415624435,906910342.4525356
358,21829442163.012627,119.85482892778136,5.721060392995738,1064767860.775383
359,71631170576.49118,135.07146774293756,5.365820103013735,3531858001.9608088
360,19138272201.25904,128.0780984632884,5.870784796026713,976494923.7412378
361,111238109986.44528,122.69964244609089,5.79537795827521,6389578822.902864
362,26660716551.371086,91.9702819681299,3.816165069614523,1721101489.73484
363,29694497293.68743,145.50200651280045,6.110600903643456,1687250068.058729
364,90117248316.25836,134.66547081336893,7.795762371160749,7914591905.003822
365,50239856936.2857,120.78832871510065,6.765124939687494,2495225420.265189
366,10937074777.849743,136.1202237861237,5.959668014897005,666556963.1804603
367,11189003588.1325,143.6872612947635,6.618891811592782,610723528.9818469
368,2264601065.1126223,127.83446639548193,8.057215447359338,155531740.7675354
369,7679200805.675732,155.36952272635492,6.886148138903984,473258374.52159363
370,16247977765.39154,160.15208977636186,6.223400762890474,946965645.400593
371,16469588509.576887,127.5513978637265,5.8572445558040185,800697838.3484448
372,4590436817.962526,144.45943642357543,5.500991755818549,234802731.95256403
373,5536437012.074333,118.69057934030475,6.365148424527421,272811120.2737385
374,19383068165.1082,131.7611281086369,5.619504637254952,966073601.0652953
375,15771862318.887276,139.60780590776218,5.831070453386737,846523070.014636
376,23769100180.33013,145.7123289667332,5.5840034077095195,1166552773.9352276
377,55995472224.77658,113.63951461319749,5.093083033436848,2888809607.513898
378,183561920985.9979,114.60852383561152,5.389453602972169,11011997828.351805
379,48209021829.95758,115.00077052057306,5.935163891051019,2715316235.7109966
380,33634984901.323444,137.04551372538282,5.425062215896747,1721313929.4251447
381,52270131973.2789,101.50947609911587,4.9697707427582,3257022051.832123
382,12797699004.650078,154.2993281672888,7.930584450205084,850165185.9386661
383,122154222590.59976,127.10909992246211,6.130754323537628,7313600662.991968
384,9626809273.428291,128.0780984632884,5.814090304883161,466450634.0689972
385,10929675590.311695,143.63607635846574,5.833096916606486,578290539.9026569
386,9674287991.916794,155.3096781608484,8.411364780291594,534592294.2734679
387,57791383741.41194,134.44096982277642,7.136840365693425,3757176412.202059
388,118719736112.62402,93.72322976709319,4.9676733195149945,7000333841.579168
389,13605267856.236378,145.6070917896342,6.987146602208833,732397864.1722965
390,154506753910.42743,98.48468434042512,4.995442208884752,8276609252.687348
391,41465587372.93692,125.09789105757376,5.944259962573623,2134855867.9463162
392,217597809667.19525,101.86850957277541,4.79909389296865,11561914014.953074
393,34644189154.63686,131.99836672400102,7.01670829420165,2212422401.8363137
394,37732559611.517456,96.78268561838608,5.557966454943095,2078286116.8109357
395,57598139894.844696,119.62370678246921,5.834432968726916,3207307690.592028
396,31401051712.57118,118.51614814814823,5.938847953099007,1586255989.7314048
397,99582463324.70119,129.1446578243857,5.67718048852952,5061494004.280585
398,22439272097.023422,134.21721611819933,5.228456687222145,1110910059.563216
399,246381655365.17105,111.28719570689944,5.308400357514545,14009979592.562223
400,144141112846.36285,122.40166665442634,6.13395364801092,8758970017.557758
401,52554579461.5547,115.89321848858329,5.826357229838211,3052012323.7019815
402,10650788599.718359,159.99321615195862,12.296912759288178,1043926663.9405316
403,8973317447.854668,141.91722654132278,7.083347094024295,531486417.82693285
404,32678809383.856575,138.69540492933336,8.906142218767702,1930783515.118232
405,195775488.384561,144.04657983365178,6.148037743701065,10212758.917109681
406,23199666766.850258,123.6781631941267,6.06471256898783,1221202164.2726886
407,269289348401.5274,100.874600276402,4.147081223612588,14181629770.719963
408,18622622728.34471,131.58912841513538,5.6228986673492205,1066868373.4370955
409,31436655604.78997,136.44265064252153,6.6625601540794,1837014619.335456
410,78567302984.6836,132.62791555146455,6.09009497105844,5074475083.135275
411,23941753417.991653,126.39191884465384,6.024026864628271,1224194511.4722707
412,14045219669.46243,124.74956024900516,5.59050156807036,785527805.9737108
413,28065035701.05803,118.51614814814823,6.506338599126605,1737463906.0762045
414,12279503487.302086,112.18511812207335,5.78334083794523,721104097.9157724
415,32379810786.443695,128.24103641348816,6.3590627754999485,2121315037.991807
416,9957523481.833881,129.3933143725205,6.176543283883238,510515324.6850756
417,25759836338.52485,95.88510433466877,6.392252407791901,2752449350.10713
418,76551468331.58789,122.58773166479939,6.7593461164131075,4851136253.815538
419,39529540449.033066,122.21616561110545,5.308797568066577,2211929918.377306
420,13745056239.026869,137.98346924976906,8.410037332666866,1062374970.8232315
421,96171088488.41705,101.25456920381941,4.9570877628451635,5261302955.793048
422,58827622215.79081,100.7485768978894,5.729598324554427,3146782660.0827312
423,78097266970.08072,136.62758128820562,12.11436615493976,7697474409.955635
424,9480568887.52499,136.16619143715403,7.1011461363009545,479127395.7345928
425,97646214115.9255,107.95026415957967,5.9894252812719495,5636313378.952167
426,16755826376.189884,132.84639726649792,5.613296667184358,1062884873.6003373
427,26290856913.35385,126.70966433938612,6.672403077177333,1481359210.160572
428,18126537757.27974,126.31273131481568,6.816804406277464,1090957278.694815
429,21353605945.47578,138.219967655881,7.181227014490685,1347027365.8409283
430,30959130788.20169,128.36351219862863,5.507023492910413,1841404656.420971
431,10351075219.906742,100.49747243801706,4.769862907512964,594087155.151028
432,194610910696.45883,100.0982984950921,5.0829164286485184,10496944627.561361
433,74500551944.94861,127.2695801801665,5.737336888941727,4496772651.128628
434,25986298697.87967,112.65527023160148,6.960110301004269,1331618068.2164285
435,5423044215.345522,137.98346924976906,6.519645538766211,348145571.4543742
436,53759798180.690186,117.37763723480941,5.842760738726571,3226908054.1049004
437,14366956571.935162,123.8300918094664,6.256614052175352,864520645.6207191
438,30441630631.44953,122.64366436274602,5.931933822192344,1685342789.673532
439,674842894324.3635,83.79041921185156,5.208425233956355,50310433007.20286
440,33157255627.617783,118.099597744725,5.984414000877717,1810285354.8265064
441,20333430312.829437,127.34997236450342,5.672377650967618,1282530415.9373417
442,16791961189.678074,124.2115514084631,6.5001109885352895,1343220901.0033703
443,22302951578.87004,141.86729467845174,7.619822090664267,1725057941.5109942
444,553412094962.9827,93.16022575037414,4.217510368653265,32909587084.830013
445,17439045440.50502,149.38318449491084,7.123058853403131,1168860422.0280507
446,27205412276.660988,126.35231267263248,5.9379826977756816,1421855668.1468182
447,187354087307.8177,120.21215465362594,7.350281594457354,12483042700.242414
448,51924136112.03584,122.77436321802963,7.185847623830924,3426988303.8587236
449,9033856802.94075,134.57558050337667,7.97394558443139,550811029.6511664
450,27898415721.164665,118.2034605937243,7.807756638783956,1832639337.3171427
451,773746583.0257549,63.93971131921774,3.2178049463854475,47557578.597208016
452,21067087091.174553,111.37941711757675,6.442595514923357,1167736199.9226117
453,37444435331.36781,131.58912841513538,5.767592731929733,2202257627.19169
454,14715124890.300644,151.00556617649298,6.737297154585681,851810700.0454869
455,11832495211.184765,148.44823951711834,7.513035177344315,870457294.3623765
456,44683594389.724365,119.25222588731408,5.601128872092544,2747015530.0443077
457,344698092697.7291,83.21973612158318,4.870888645722734,23818683911.771133
458,7865944617.344801,100.0982984950921,6.578043708609675,467440781.07893395
459,4688048482.301424,163.2977663684793,11.18180364317142,399464545.3210031
460,209576826527.6344,114.86972364089178,6.313780096889702,18008062897.54903
461,61487388487.61255,116.69821471500569,10.600155204036408,6185245838.742188
462,16064101830.859402,133.46199326804236,7.56040784486559,941270880.7548074
463,19406171701.569054,130.31330551523016,7.139387003695709,1203379131.3157098
464,1750741557782.3442,92.71040583864735,10.310005564204452,119470217441.68713
465,8133210839.946964,158.35948956548467,12.296740415938103,742226329.1625193
466,11475230287.104393,147.20178529895836,14.632260893126984,1863144957.2700553
467,296800936291.29645,104.80762176268985,4.667740284082401,18192587219.675037
468,37038372945.141624,124.6724166735238,5.963397925842491,2413433461.1456594
469,6730404966.937231,140.72848148116898,7.492178525030558,497783195.4218981
470,21990905497.987854,92.37059083258981,5.213730916633431,1247022056.080313
471,1560672207.711178,147.98514697786158,7.123524209732318,102921804.98081213
472,7369024363.607146,115.72690681251642,6.779098937831356,426434701.64408
473,70068181851.79344,118.58585906500308,6.296116682799771,4261648454.9895577
474,101600833245.7179,117.48023355537545,5.734644437442225,6523226760.487496
475,85682464905.20143,126.55059214206356,6.749605568403939,6204163626.581318
476,40570117104.68419,122.66231615617684,6.583823287567808,2509658113.4744244
477,7475447841.940649,143.12622554281717,8.970178423841878,600204539.6916862
478,11831563275.72602,126.39191884465384,6.573222653465216,655843485.7890216
479,88114042452.40462,111.59519595392366,6.029018386694395,5366451365.218955
480,10781112292.502829,124.0205282884081,7.081218869638389,797451416.7351968
481,42467678989.49749,113.89631128028851,6.021700404004503,2932339823.58736
482,20785760563.943085,118.30750628816986,6.170626385826284,1326623072.4925256
483,31871076514.224052,107.31817254960883,4.895183841927403,1708574510.0303266
484,156860005360.43912,108.18196570563104,7.080704026664338,15305562690.107744
485,33574882706.267445,118.13419840799175,6.0315614607838155,1893007400.9484458
486,7833171842.235786,128.56815920142168,6.689586539575013,620557683.6081233
487,36403806857.56368,119.39346904662413,6.418776636659819,2313733935.831649
488,327910914947.91943,83.04833343576169,4.49917586049386,21999039676.763905
489,123935779500.34346,103.78253388048593,5.279337632852142,8063900784.956564
490,174235314257.8683,91.41771718543785,6.198490115529734,11822510369.960901
491,47279180084.44586,117.37763723480941,8.361276140613763,5002801840.183588
492,8405869889.7054615,115.26376334492925,5.822322587752127,544594268.8803798
493,77621683543.74704,118.01318722396248,7.119073811291821,5193996207.551773
494,225764859707.8949,104.07720184928073,6.7797752354598035,12061045473.323824
495,230016374804.01306,112.46673729719033,6.861814894954376,16448892589.630173
496,178101342989.14502,117.01995944660274,7.248871567936474,14289691087.55173
497,289370447349.7359,105.74212364039359,5.600151282542757,18364918127.74012
498,2449380994.4614267,153.7111218369461,7.232793472713933,228537790.18018618
499,36244985910.14018,116.90121416029352,6.682711870691918,2416001755.375596
500,90891505362.07,102.12652094963235,5.7921002402847614,5306776176.22189
501,177883567488.28882,118.37697190384775,13.702788828170963,28584923597.06244
502,68097026047.66875,104.97133175593268,5.062769172570807,4322433440.80513
503,5180980086.461479,133.8607552574865,7.3515863268877375,381753093.38409865
504,61020253078.86841,111.84282636948703,6.020569232752939,3990067206.6509094
505,16960954981.69939,116.32787434477021,7.2640894319864895,1338249692.5638297
506,5956944157.5128765,102.69877231432208,7.004929159708402,585128033.5278245
507,28617826349.36168,82.29407638798483,5.64179529102377,1710479348.7655635
508,8289836711.352697,139.80142208850748,9.52085200126116,682405038.6923712
509,303412933607.4649,105.68669187696987,5.9801466798398035,21162885729.63835
510,75178640577.19221,118.65565203771443,6.9685468798966195,5340793678.909024
511,4897015862.25483,125.37016280894962,7.519646815879259,442154643.8144143
512,81538238115.93845,97.86321189570715,6.868237383370556,5640763988.002637
513,188787252858.16272,104.40057212657784,6.224600903911552,14469063418.984785
514,13630133567.886501,102.35985120674455,5.514850356912991,846705135.5018538
515,77768190897.91528,116.93511608381148,7.099332712641907,5222454850.676703
516,62926419740.170746,114.34850920866975,6.627943896196852,4654646369.329683
517,11432640042.794909,105.13555398082715,7.3569632780454794,673955324.5214996
518,75746595790.15694,100.24761656524757,6.256044608281925,4621170162.761457
519,6992970394.495817,119.49962117862455,8.877616117234087,745907417.8173251
520,128581511823.38763,119.25222588731408,8.834353795385358,9602558066.570494
521,80837077840.73183,116.52958628838871,7.667504322929258,6621746058.653966
522,44583730867.39894,121.81003588595442,7.174790291900317,3251380777.04194
523,340206997093.0826,100.04862460404976,6.534130909465792,19754426372.419376
524,307808734212.1986,82.70763754141669,4.004617122248686,21584884093.88884
525,13558437456.998756,112.90763293446044,7.427845790604363,968961767.8245428
526,40262266246.97159,115.09925207010149,8.595778831278537,3648981879.1043363
527,26344382672.19433,68.78245737121952,6.6534089134506065,1912386903.4862137
528,6235565015.893734,126.94902386943296,15.426235605939745,811006256.8013009
529,99824071184.16312,98.3165896832374,7.189017216107057,6573425344.969877
530,138530067352.14105,97.53181063625178,5.292683730260175,10237663702.718077
531,239549096636.4361,53.2707283213099,2.9985863528438936,14294227234.709263
532,65691190639.01139,114.34850920866975,7.389678149568204,5893758854.890868
533,57681524417.62265,100.42238499900587,6.144648488597548,4077840864.3609037
534,11323954251.788448,113.96069189199052,6.746985479166915,766688382.3163779
535,338437899974.9187,78.03382053423029,3.9040827581433315,23174434350.54504
536,76581972928.22653,108.7949413692336,7.660282514650236,5817851886.399086
537,149845873290.3845,99.75161351461895,6.457744211576489,11081016712.879774
538,70601461383.54926,101.73999214551554,9.227678156988993,8087615974.632788
539,31432091727.44036,89.06524159429978,5.339228053262415,1978904350.3228858
540,196286973351.0208,101.07689477482654,7.522233636231746,15472234997.794813
541,5743377004.103956,113.92849249082293,9.439116218937212,703009095.014839
542,48903949805.2256,118.37697190384775,8.638371706779587,4252207158.1153865
543,100505399056.53235,91.09758386155815,6.516398016135617,8994776315.404692
544,30548126976.994965,111.96705415506858,10.223961669997605,3101291861.288194
545,60305631812.09044,111.07260517119965,8.900368579279935,4970093025.348772
546,15503488196.654848,81.80156833103467,4.761955818745448,1047840830.8027749
547,115521069478.85672,110.31291988694912,7.929661935170368,9701795734.129297
548,56313822852.70329,109.32590485394871,10.372342120879697,4674885244.617816
549,33590638700.791786,94.62500307537414,6.1071736447958145,2307777160.2576632
550,218218358740.17853,98.41257344185182,7.873284414412453,22619869596.527443
551,2692079866.503111,114.64110883098135,9.431985309836008,251502919.56108984
552,28470053883.92376,101.48392766892847,5.7994985770686505,1882329981.4915664
553,74630514594.64906,93.07420955146645,7.849543986960618,7196602086.40049
554,27424563175.881416,73.22953083830451,5.066552263020027,2014938612.785118
555,75345900945.04138,96.36633817937228,7.982219558150473,5474477036.65726
556,67493802652.27861,55.60690028704859,2.8383360622718725,4642806166.932807
557,17237828545.246063,94.86990230102069,7.89341898700674,2293810710.597213
558,174804416381.85037,94.80298597456576,9.719813529974806,21446206353.607643
559,5635377738.331657,90.54525632969283,7.307547649486425,414631353.160414
560,68786407364.77634,82.91171881088955,6.8182911302244396,6730451190.044715
561,15977382670.294304,89.5200376707853,8.28423474144098,2016770356.7838302
562,26088363568.335075,89.06524159429978,20.77600780951259,6979881914.368328
563,46696211853.92372,71.01757491119321,8.128557147877437,4721933509.291012
564,10413663028.866634,81.95119872415823,6.676138574112586,826146026.1062847
565,22828055456.06747,71.43908338965232,8.076491564701808,2330763180.958577
566,114317695512.81888,75.9324309342762,3.8077935689526003,8206691138.840839
567,43817805837.66589,76.79288154673435,5.158769165702485,6260511420.38591
568,55978461742.322525,75.43523227726934,6.346765958853917,8598287468.31497
569,116270239.00776616,75.66171274304925,4.042481448298522,10993477.996661382
570,21093069796.813606,88.71252486218242,13.546289588126461,4672316831.304602
571,50773451377.14676,144.3560005658871,6.21175393522899,2188551596.9972816
572,88455358141.7824,112.65527023160148,5.583327674057331,4456807108.193767
573,15155593759.342033,144.9267380686677,5.171486347063905,706232001.0470634
574,18738992522.13183,128.4043894634388,6.2395288119948225,805236254.6823514
575,123338798242.45946,135.7079073150742,5.099292496125025,5946743003.638661
576,37213960897.51308,133.72757009470783,5.572453792291922,1776803825.5363216
577,205391858385.5349,105.38285302381074,4.607101833936928,11551945175.88804
578,178239907817.58713,120.39161768636399,5.807569010946198,8687078990.723654
579,44732774289.95526,131.16108739962692,5.237747886596666,2089346023.9854448
580,27960111636.27171,125.19499812209988,6.108128375816958,1359450409.8741462
581,9890417097.012615,147.84948621275976,5.357419229903551,471421471.9575098
582,130613961351.31854,115.11568440820142,6.072325237213728,6408218085.167996
583,162286733000.17694,133.90520928463746,5.4189650209957705,7460107110.955694
584,4978818185.506748,130.73582207021718,5.595389679540996,236156879.26876852
585,30970707841.659874,138.74312860912795,5.962968929521785,1415120419.0768723
586,24743444891.725586,153.09831803452641,5.687819309498749,1189060363.090833
587,19673823536.662167,133.02170159443014,5.519082424597555,955868982.6927547
588,38296703674.96188,145.34466269189545,5.102670094897628,1869794681.8314233
589,182785785389.1192,137.2788051013827,5.4443277965871095,8668579275.820786
590,3072211399.9137273,132.49717112881925,5.165894989543228,146741762.02565786
591,220649552523.79813,95.95355754929722,4.2795818576944935,11410774640.957586
592,188659225049.0888,105.54836639526121,5.114463690627419,10103201815.25249
593,84406572276.52646,142.01719578598144,5.501714465370381,3953745891.841195
594,1579195604650.8403,93.75591972795618,3.8785612280462076,94453714688.64108
595,834970720.5622618,138.409750885148,5.001755239826213,44161955.178805664
596,36639451724.07088,120.53557437555311,5.157698813481211,1843617600.8173146
597,110287204813.81369,119.85482892778136,5.525897568590561,5202398857.919372
598,80831472216.65453,137.98346924976906,4.982619023995842,3849798401.186036
599,77996620702.74051,135.5254562555738,5.103821448665191,3775596519.277769
600,48486657871.551575,129.89351116976653,7.376159209270752,2982402094.129476
601,133245123186.41011,126.6300782842802,5.303812503094868,6451356185.986856
602,15431858214.26654,117.51447219669501,6.64354358424901,776839682.1811702
603,68128402783.67424,148.1754788386369,5.350497286433255,3335895570.3061066
604,24836857100.028847,146.02895520034127,6.309714419747092,1084367737.3989081
605,159874931491.20807,115.79337417061348,5.1709423728098685,7968688942.342506
606,79926024768.49779,133.10952737185974,5.254893062324103,3879723160.4680367
607,21064572887.263786,130.60877969776533,5.43089400754414,1016966171.4123124
608,234541113840.03058,117.78910146320551,4.938776796300157,11513258231.152443
609,36173016952.56659,136.39649617672995,4.637295986269042,1744738891.8465414
610,50416464262.83659,130.5664870906333,5.498060564678339,2375972481.1198807
611,126352432207.94753,129.8098766521883,6.0160112767892455,7053640304.298076
612,161341528176.72125,132.410151294865,5.897271548153714,7490876899.676931
613,58371624644.63321,121.81003588595442,5.647908966573182,2788533662.3448744
614,34563865673.42594,137.936266652689,5.477349227031817,1664331829.4561172
615,1026759110.9362096,160.56661881685736,7.2871139404935255,74244347.77247588
616,230077234479.8448,97.98211594651643,4.245650805626538,13828535681.159649
617,69033611515.76012,125.02031620770794,5.570981747145422,3419286957.558153
618,56114347855.16436,117.48023355537545,5.865207299787378,2828849583.175836
619,104283948015.63101,133.24148370024358,5.329678193298179,4915862723.365823
620,39069656438.82945,113.47960390286872,5.921337537242289,2517430186.4185596
621,20214772683.27482,157.3092037163471,6.3312779613165855,1131102101.2424843
622,1161670557060.9946,93.37596342577127,4.139204945071429,62839105842.43983
623,43599559000.82787,154.1813270343864,6.126867603091598,2241883403.7560463
624,47103137582.69223,139.99557605131815,4.949076210373127,2273719219.419465
625,27509985410.26742,122.513237820103,6.52492992469119,1373997395.5056458
626,6234418116.402294,127.14918203295267,5.290099245332958,312125730.7210746
627,31947398698.041847,144.87466641940898,5.367991316677924,1594926426.5259116
628,113351239699.37866,134.23956168679467,5.429653678431911,5255188457.162329
629,125753372234.56949,132.67155438448447,4.822311292411835,6146562569.645575
630,34110707405.97606,117.03693993778205,5.430123962330028,1842384789.202403
631,83927962873.92609,138.5048380707552,6.519924437584456,4632175901.741393
632,169917810215.47766,119.71249272732067,5.231956404807385,8018899811.594202
633,12897936337.62043,143.73848272372615,5.4591457652627975,613354902.1667516
634,24106451327.71427,151.4593399269956,5.817648440851132,1817200831.9318254
635,30679311994.01461,114.25130763236857,5.234020341997283,1658659680.5588071
636,138371993582.39105,73.52329190948224,0.9899301751033461,6183844510.932896
637,36998668465.33287,129.55961805060713,5.902787161190549,1815093899.1302478
638,71273887791.7716,105.68669187696987,5.789763032670633,3826104222.5580735
639,27671318716.524467,150.44215834654787,4.69924285672063,1391058627.9843318
640,35415847100.23897,132.54072395191358,5.274964404385206,1760588411.608528
641,36511947951.29514,149.2725801684429,6.138976068917501,1748238975.985116
642,291519548791.3943,143.6872612947635,8.156233505860907,13925833430.16478
643,1125494583.705676,141.3699017459533,5.7588995284449584,55882357.845096365
644,136146553912.45056,134.21721611819933,5.2169574328066854,6808404431.826452
645,11686320999.957611,124.55688003686971,6.901192749499694,557573520.1555142
646,5588550381.553181,129.55961805060713,5.678863438944313,272247043.4996486
647,83551991356.6397,131.03321758500985,5.587701358809345,4389772247.204502
648,1118580583.2950013,148.12104694049881,6.4553289817390365,56267619.771579616
649,25915918753.98609,151.68725103832,6.261127149281759,1997499263.2891507
650,11747329504.433607,151.68725103832,6.340405566801723,634156508.874206
651,68732234797.84413,127.18928943010431,5.384042287957712,3359032572.0240965
652,23750669799.77571,152.20256740425535,6.0524225615258445,1388595643.708615
653,33768399494.316013,159.73968300623343,6.836274345026957,2359260486.369506
654,16607878263.219528,141.02379683141388,5.720239702352145,788659195.1796438
655,77635673487.84485,128.4862221468423,5.226645717001522,3879164080.323423
656,40171378327.3459,120.21215465362594,5.731898331268109,1997056477.696532
657,37601301234.75581,144.77063529520768,5.907189979831702,1900200683.4611332
658,28018405816.725426,136.39649617672995,7.273378053571442,1327163545.6195278
659,85804567331.27875,124.94283750859016,5.33397673131078,4553219968.479735
660,27344834819.62817,137.98346924976906,5.706593452355299,1607903982.5436833
661,38379394749.979126,127.04902727029696,6.026636481048545,1832455225.8161602
662,93535186401.56604,125.80042118823397,5.7781584340702885,5397667822.816502
663,26126897482.223526,125.4091555531031,6.570201944151934,1589816017.5408158
664,50150261433.90547,140.72848148116898,8.861236163753663,3687291180.9330826
665,94915532962.36522,124.32644799693655,5.655638987610645,5055940744.820751
666,62617968318.34827,132.06321200003174,5.417633383212334,3087396762.746263
667,48561983860.97499,148.0123030286885,8.387690612284313,3408543918.5531983
668,32486291113.63691,141.76753628612698,5.296806234145555,1590545678.843964
669,1369037463.0966249,161.33757982336394,7.19959047420805,77123105.97523077
670,80668884642.40329,122.06816911174108,6.162511824387412,3950197819.883575
671,189855681673.1594,130.35543423567185,5.120823685832074,8989400588.90465
672,31777201130.12762,125.5653693830349,5.893684658694009,1937683218.73696
673,29816989941.460274,133.72757009470783,5.947899980222747,1448928707.826164
674,19161346466.895615,134.84561217086926,6.523675668916087,1046549644.1928647
675,53497216758.50014,140.48332850997605,6.719140654593206,3174301162.158287
676,9182533433.44291,131.84729668080968,5.381053124151635,481361944.29890305
677,27646989731.895596,132.58430541670788,6.814006899507989,1537072172.2616348
678,49991987393.84247,150.1061271544415,11.916272638354657,4409462843.992732
679,33699545830.278576,134.66547081336893,6.106468501251599,1957439957.1270707
680,188318312482.94437,111.93597134381827,6.211841785694427,9363999891.495617
681,27914748662.663704,121.33353070649078,6.17993279297068,1644614477.7770317
682,39774773244.61035,142.97397535651274,7.016853082910629,2010177845.7041144
683,7250246077.4560585,141.46910111564782,6.992825710108561,416127485.354044
684,94756485986.17053,111.19512688729714,5.11097176783643,4945824304.15495
685,18502088837.387844,139.70454691512236,5.419499287316161,958001372.6540786
686,92286110080.27448,121.11486036388486,5.472327954512658,5227532736.590703
687,364203406657.6952,99.40732169449146,6.009323872347074,21316120525.924206
688,45226360811.89102,146.45327022047556,9.05786564570567,3520593184.90408
689,23753888609.058987,136.07428716058996,6.269059457380518,1369410037.5092008
690,19240630151.323627,114.9679807769693,5.909334050314435,960080470.8686589
691,38182803619.14261,123.22460598144218,6.684214047927316,2341364290.9430957
692,92797975498.2089,118.44651914252485,5.869590552921973,4795522048.841196
693,28410407681.288776,127.51106180584779,6.289438182226019,1541717218.367176
694,33786994839.454292,128.4043894634388,6.474046451931915,1670026489.7351303
695,111005819446.7432,94.16096196762692,4.619983127865473,6437411080.935827
696,156180726961.0757,115.13211674630136,5.634635766305107,8246196851.282587
697,69133465993.23291,119.78361854383338,5.910470926262868,3730464952.7026296
698,14173317961.21267,136.1202237861237,6.498768208419174,865618323.1405693
699,593557514475.4448,98.96813756054509,4.452607896205034,35830535811.39804
700,49342014211.82584,149.49395284866415,7.629382706014809,2827870905.590115
701,29106158802.907036,150.5545033258154,7.919858160621273,1864246873.079992
702,95323752020.17064,114.41340219632374,8.052367199174737,4653985345.746656
703,7196677544.383302,151.17541233918422,5.103087147515548,349759030.6628296
704,49680020175.50724,115.76013095047922,5.964325328829638,2601795378.448557
705,50937006214.88331,129.9353688549088,5.523302532014245,2596212691.2562118
706,437836803280.7812,110.19233354564163,5.06386538761995,24664908965.842846
707,354794208872.1044,111.37941711757675,4.930439537768013,18114324387.170563
708,10306659515.15577,168.06217080163924,7.926581981389383,696171574.230764
709,119608518200.50258,129.43485025382688,5.716297000065524,7122351512.581413
710,211498485609.19653,97.81573104048682,5.127160402918971,11904753689.00851
711,9639664290.121117,147.36317792101804,7.642848453669292,679163999.1769842
712,39562509856.06186,128.20026307220147,5.291149209011233,1967869979.61274
713,82350851136.07114,133.41783298421626,6.092261390221366,4897717788.986118
714,212226099689.76495,108.61909779172959,4.678211959775566,11150297924.127842
715,28123603668.0299,132.93399163562606,6.439698871736494,1726785759.4408114
716,76963107999.35393,143.32973090738156,6.380201711465848,4319733842.338403
717,20552469773.18173,133.02170159443014,6.443982936577937,1185388486.1718671
718,354374419758.92664,120.35568222575812,6.636905743265648,18033788900.464634
719,270370622420.67383,113.03423875569425,5.755837508307557,15673128862.710836
720,23814703901.95684,124.17329972308814,5.516381304459566,1508660858.3692238
721,23093436806.6157,133.81633073635263,6.269739980660587,1177613978.600051
722,51401200069.08307,146.08186006830942,7.088337278420212,3501944304.083291
723,7440916332.870014,154.77314446504684,10.24295085465459,586922342.2682703
724,29001697591.96541,120.8607390540284,6.745221688347254,1461884332.0088542
725,58568642931.58465,125.64362232782099,5.612199164171162,3086913871.117763
726,439560107773.2374,95.00401875036816,5.126935706211456,26229541548.07159
727,25778984897.93617,138.07797142833496,7.547807471204272,1479342168.6933532
728,162761188673.74518,99.30938869876285,4.694808786674439,8521090832.728268
729,404204737695.591,101.79136018371679,4.246252545277063,23459185178.535137
730,113215234376.71826,120.67987574551488,8.111216479731803,6994344860.183658
731,55837041712.38771,133.41783298421626,6.826782376975023,3586997278.006072
732,270670406731.02637,111.99815423350299,6.06332485708141,17411763692.2361
733,65817689697.195206,121.51636007475851,8.134629503619836,3982213015.0952973
734,60272475992.93924,130.37651222000457,6.05896763007089,3455120127.4685087
735,12569354509.353512,137.936266652689,6.937777242742436,712647481.9638594
736,269205996584.57037,110.16222814172447,4.756540576340853,16414189011.648336
737,34381985825.75342,131.93357803103666,7.207725632812054,2432049793.112632
738,16508959559.344868,151.51625347357947,6.878529726415212,1016587436.3274184
739,17041058539.401642,130.94810946433324,6.252056386448389,947408523.0195829
740,15530061151.445614,96.64350397695974,5.663461422076104,839450125.8340385
741,18482988997.978024,122.17913285291553,6.2310647605789224,1308861910.1373827
742,5261658260.188737,131.20376614822646,8.688128491727683,335430690.66709447
743,10487093240.992348,132.49717112881925,6.066369511398006,607274132.1568596
744,99773630430.22778,119.32280566937871,6.136123104542737,7105195117.938219
745,30289726920.780773,160.63058403235817,5.810165089965291,1461070123.7531152
746,26186706881.293602,135.5254562555738,7.241540002905487,1368199626.399973
747,14280720824.182243,140.5322907502608,10.66643525111931,1464246015.615372
748,30718699672.579216,116.73199898207675,5.630665711149734,2139291586.7202437
749,111318059271.99892,118.37697190384775,6.415689393360695,6747801995.929314
750,7955429977.248577,144.56302061799076,6.826600860759672,506496995.8487399
751,85105627115.27855,126.6300782842802,5.954005272607775,4918563550.446058
752,136839922802.80765,112.3413988581393,5.956839091130335,7446596728.271859
753,16044419922.104366,131.4175771896579,6.063977691394683,977457243.7379812
754,238305098056.2878,120.95137687682342,6.122868246755908,15788798049.197062
755,159496580805.01324,125.6827853873246,5.84793758983337,9363362720.65283
756,74271781769.96439,117.39472666332782,6.445527151091255,4843986747.415882
757,79171121054.27365,116.76580281598056,6.520346400443327,5594874541.928744
758,324177880485.4559,113.83200336949484,6.326473841743609,22787800654.23001
759,208649583466.2425,89.34152194539698,5.137078582754597,12492969367.334156
760,392940982585.68445,94.29308006962746,4.619802289784475,24293319985.223064
761,12866648828.448889,160.3112665805243,10.577380349573925,1213435141.7703116
762,63152609396.75888,105.65899778322998,6.681906188260697,3798359625.9670367
763,70262385690.01395,104.83487129165438,8.070049905673198,4923934145.704703
764,16978304141.651928,131.54619863347094,9.030931623124307,1442702359.9331334
765,89365645032.13966,105.41040252821375,5.078628240215128,5826324037.349016
766,52644003366.19014,103.09263470868545,5.99159881840451,2799992816.3675156
767,634176943646.0574,92.11735986366362,4.225064730913191,33624818428.736835
768,17950272699.91824,114.15427116747927,5.812178366447774,996407461.2213385
769,121899466663.08493,111.84282636948703,5.612620311889597,6901228375.547931
770,10973278854.56651,133.46199326804236,9.456528599415899,1240264257.8411667
771,9139989724.01499,94.29308006962746,5.109880777727879,547781113.4356034
772,130159441699.88905,121.22409692302861,5.796252192816731,7744838512.334244
773,99486317114.69856,139.48707206842988,19.642152196802503,19336265933.952435
774,18688889174.502518,88.65401016704526,5.485276590395268,1206084611.1260848
775,70121785938.20331,127.10909992246211,5.882374023066484,3734172217.5861607
776,65755917885.48879,129.3933143725205,5.687597245445753,3954866810.768851
777,150303802525.65045,106.74993327995743,5.234379850368509,10155026086.34804
778,323852138603.0051,101.10223865054127,5.276676442188438,17878054449.20095
779,299660784370.64813,93.65792071511129,5.495671996850969,18181774681.25811
780,16776743043.734476,126.7494948931609,6.74579985435723,1191618978.333348
781,3298250864.957078,128.36351219862863,6.264876252986542,206799598.88922277
782,20018859670.77162,133.37370191448477,6.133897579830053,1025325306.4801964
783,22272679145.16772,97.74459608192728,4.265682769364279,1771988439.4594684
784,33663065980.018227,114.31609031151768,6.0862198147768956,2569191216.6592045
785,61811594187.148224,116.395034022949,6.760394797666427,3855394921.4043117
786,12387751115.871452,104.75316518018965,5.975292990013502,985767998.4853472
787,34735441821.79118,143.38069770442937,11.173545754072228,3142343654.1833963
788,87230294315.46204,97.3904676199437,5.3995975404366074,5187187380.863192
789,215529296576.76337,101.79136018371679,6.082795297739622,14597480085.354225
790,33986429682.904026,106.10385228350673,5.8752632106114016,1903602189.585611
791,215850053083.22717,113.3838733159324,6.789526546951545,14915572763.18849
792,1307097117.323432,103.3833925732021,6.042770959140962,101862941.28821652
793,14510061138.002932,149.54939864984095,13.313306455884549,1707422891.625981
794,2525574680.9769897,160.63058403235817,10.624754436340597,253334879.44070497
795,215276908854.18518,105.08075617624499,7.326354658045679,14765193025.474274
796,40118832038.45102,115.36269603398193,6.899963580683983,2775942361.844873
797,47033441799.11104,135.4344145730346,11.567230755960017,4383188545.914036
798,694181850.945004,142.82204873757055,10.904322131193448,60019930.26224729
799,85397348351.84576,116.76580281598056,6.541980060598238,6078977005.178381
800,159676637057.00714,85.00932570954461,4.147071175016988,11338920511.439419
801,34691681979.70233,123.03660412180874,7.159744036261998,2363385529.125038
802,19809683215.349464,111.62608977149685,6.858503859383417,1294860764.427742
803,13633354695.651901,136.58130164583793,9.47022275379758,979262507.7726728
804,20737564063.41301,119.49962117862455,9.697964051448187,1785339275.9018178
805,160549636384.3344,89.719227035456,5.147716777759169,9956549200.187355
806,298526155211.9011,100.0982984950921,4.5032243123412,16542541276.168995
807,88653944496.79688,89.20316784625354,7.1786736896428955,7137777495.224891
808,102154989762.51976,76.24832440955932,6.040453890751195,9051561551.120201
809,102631964278.22272,97.69723022812761,7.180843528529788,7103215940.211859
810,17155853636.07302,86.5048071682778,6.417809835941701,1680355864.7527082
811,35846162543.931015,71.85922209399091,3.3915186295196618,2310870790.213916
812,215703245013.91138,94.62500307537414,8.10709564448603,18379437283.044304
813,54724954080.749535,95.79398516696278,6.382558745742476,3614488794.1184473
